Agency Name,Complete,Lifecycle Cost
Department of Agriculture,2012,15.297
Department of Agriculture,2012,0.179
Department of Agriculture,2012,1.46
Department of Agriculture,2011,1.8205
Department of Agriculture,2012,1.713
Department of Agriculture,2013,1.45
Department of Agriculture,2011,0.01
Department of Agriculture,2011,46.96
Department of Agriculture,2012,0.662
Department of Commerce,2012,3.155
Department of Agriculture,2012,14.239
Department of Agriculture,2012,10.058
Department of Agriculture,2012,4.268
Department of Agriculture,2012,4.01
Department of Agriculture,2012,675
Department of Agriculture,2018,46.72
Department of Agriculture,2018,23.36
Department of Agriculture,2018,116.8
Department of Agriculture,2018,23.36
Department of Agriculture,2018,23.36
Department of Agriculture,2012,5.9004
Department of Agriculture,2012,2.306
Department of Agriculture,2012,0.795
Department of Agriculture,2012,1.404
Department of Agriculture,2012,1.451
Department of Agriculture,2012,7.276
Department of Agriculture,2012,16.248
Department of Agriculture,2012,8.942
Department of Agriculture,2012,1.602
Department of Agriculture,2012,7.32
Department of Agriculture,2012,7.32
Department of Agriculture,2012,21.04546
Department of Agriculture,2020,71.42413
Department of Agriculture,2018,242.984
Department of Agriculture,2018,242.985
Department of Agriculture,2018,242.985
Department of Agriculture,2018,242.984
Department of Agriculture,2018,242.984
Department of Agriculture,2018,242.985
Department of Agriculture,2018,141.478
Department of Agriculture,2012,16.374
Department of Agriculture,2012,2.7036
Department of Agriculture,2011,0.7
Department of Agriculture,2011,0.15
Department of Agriculture,2012,0.35
Department of Agriculture,2012,8.210163
Department of Agriculture,2013,65.733
Department of Commerce,2012,0.03
Department of Agriculture,2012,0.7
Department of Agriculture,2012,1.017
Department of Agriculture,2012,4.885
Department of Agriculture,2012,7.02
Department of Agriculture,2012,6.958
Department of Agriculture,2012,4.175
Department of Agriculture,2012,4.175
Department of Agriculture,2012,1.392
Department of Agriculture,2011,0.2
Department of Agriculture,2012,0.4
Department of Agriculture,2012,0.540347
Department of Agriculture,2012,0.835822
Department of Agriculture,2013,2.163072
Department of Agriculture,2012,0.108154
Department of Agriculture,2013,0.689479
Department of Agriculture,2013,1.622304
Department of Agriculture,2012,0.627291
Department of Agriculture,2013,1.232951
Department of Agriculture,2013,0.541523
Department of Agriculture,2013,1.39304
Department of Agriculture,2012,0.182509
Department of Agriculture,2012,3.244608
Department of Agriculture,2012,0.144069
Department of Agriculture,2013,6.489216
Department of Agriculture,2012,0.115711
Department of Agriculture,2013,0.540768
Department of Agriculture,2012,0.047588
Department of Agriculture,2013,0.547257
Department of Agriculture,2012,0.146007
Department of Agriculture,2013,0.146007
Department of Agriculture,2012,0.743556
Department of Agriculture,2012,0.005408
Department of Agriculture,2013,0.048669
Department of Agriculture,2012,2.858292
Department of Agriculture,2012,12.659379
Department of Agriculture,2012,0.636808
Department of Agriculture,2013,2.947186
Department of Agriculture,2013,2.595686
Department of Agriculture,2011,0.813
Department of Agriculture,2012,1.728
Department of Agriculture,2012,1.9
Department of Agriculture,2012,1.728
Department of Agriculture,2012,1.9
Department of Agriculture,2013,5.303
Department of Agriculture,2013,1.9
Department of Agriculture,2013,5.303
Department of Agriculture,2013,1.9
Department of Agriculture,2015,8127.961
Department of Agriculture,2013,7544.025
Department of Agriculture,2012,5.470009
Department of Agriculture,2012,3
Department of Agriculture,2011,0.07
Department of Agriculture,2012,0.9
Department of Agriculture,2012,0.03
Department of Agriculture,2012,0.256
Department of Agriculture,2011,0.225
Department of Agriculture,2010,4.407
Department of Agriculture,2011,4.407
Department of Agriculture,2011,4.407
Department of Agriculture,2011,4.407
Department of Agriculture,2011,3.3034
Department of Agriculture,2012,3.3034
Department of Agriculture,2012,3.3034
Department of Agriculture,2012,3.3034
Department of Agriculture,2012,0.25
Department of Agriculture,2012,1.22028
Department of Agriculture,2012,4.707543
Department of Agriculture,2012,4.282884
Department of Agriculture,2012,2.149643
Department of Agriculture,2012,17.35
Department of Agriculture,2011,2.2
Department of Agriculture,2012,10.301119
Department of Agriculture,2013,9.765558
Department of Agriculture,2012,18.4645
Department of Agriculture,2012,21.611
Department of Agriculture,2012,0.55
Department of Agriculture,2012,0.14
Department of Agriculture,2012,0.32
Department of Agriculture,2013,0.27
Department of Agriculture,2012,0.75
Department of Agriculture,2012,0.5
Department of Agriculture,2012,0.1
Department of Agriculture,2024,214.054
Department of Agriculture,2015,14.836
Department of Agriculture,2015,4.92
Department of Agriculture,2015,11.272
Department of Agriculture,2013,1.505
Department of Agriculture,2014,2.211
Department of Agriculture,2014,4.004
Department of Agriculture,2013,1.732
Department of Agriculture,2011,4.801
Department of Agriculture,2014,2.545
Department of Agriculture,2024,330.006
Department of Agriculture,2015,10.028
Department of Agriculture,2014,5.474
Department of Agriculture,2014,11.13
Department of Agriculture,2014,8.649
Department of Agriculture,2012,3.795235
Department of Agriculture,2012,2.3252
Department of Agriculture,2011,0.670791
Department of Agriculture,2012,4.88587
Department of Agriculture,2012,1.988088
Department of Agriculture,2012,9.712
Department of Agriculture,2012,10.386
Department of Commerce,2012,1.24
Department of Commerce,2012,0.413
Department of Commerce,2011,9.696
Department of Commerce,2011,0.59
Department of Commerce,2012,9.76
Department of Commerce,2012,0.6
Department of Commerce,2012,0.175
Department of Commerce,2011,0.03
Department of Commerce,2012,0.16
Department of Commerce,2012,0.532
Department of Commerce,2012,0.4
Department of Commerce,2012,0.49
Department of Commerce,2012,0.35
Department of Commerce,2012,0.48
Department of Commerce,2013,0.375
Department of Commerce,2013,0.46
Department of Commerce,2013,0.475
Department of Commerce,2012,0.2
Department of Commerce,2012,11.365234
Department of Commerce,2012,15.796858
Department of Commerce,2012,14.327908
Department of Commerce,2013,12.824599
Department of Commerce,2013,14.534012
Department of Commerce,2012,0.555
Department of Commerce,2012,0.675
Department of Commerce,2012,1.6
Department of Commerce,2014,3.27
Department of Commerce,2015,5.529
Department of Commerce,2012,1.238
Department of Commerce,2015,10.5
Department of Commerce,2012,0.275
Department of Commerce,2012,0.606
Department of Commerce,2011,0.0075
Department of Commerce,2020,233.156
Department of Commerce,2015,54.8
Department of Commerce,2016,117.419
Department of Commerce,2014,77.976
Department of Commerce,2020,130.703
Department of Commerce,2018,42.561
Department of Commerce,2016,35.313
Department of Commerce,2012,2.308
Department of Commerce,2012,0.475
Department of Commerce,2012,1.58
Department of Commerce,2012,0.092
Department of Commerce,2011,25.4
Department of Commerce,2012,94.4061
Department of Commerce,2014,41.06
Department of Commerce,2012,0.075
Department of Commerce,2012,8
Department of Commerce,2014,0.5
Department of Commerce,2012,0.9
Department of Commerce,2012,75
Department of Commerce,2012,6.22
Department of Commerce,2012,0.15
Department of Commerce,2012,1
Department of Commerce,2012,0.49
Department of Commerce,2012,1.6
Department of Commerce,2012,30.161314
Department of Commerce,2013,7.849
Department of Commerce,2014,8.972
Department of Commerce,2014,8.824
Department of Commerce,2012,2.281
Department of Commerce,2014,5.549
Department of Commerce,2012,3.386
Department of Commerce,2011,63.352
Department of Commerce,2016,48.655
Department of Commerce,2012,1.62
Department of Commerce,2017,90
Department of Commerce,2013,21.86
Department of Commerce,2013,2.4
Department of Commerce,2013,3.936
Department of Commerce,2013,1.05
Department of Commerce,2017,17
Department of Commerce,2017,65.375
Department of Commerce,2017,0.675
Department of Commerce,2017,79.598
Department of Commerce,2025,65.233
Department of Commerce,2015,108.774
Department of Commerce,2022,27.014
Department of Commerce,2025,13.809
Department of Commerce,2025,105.382
Department of Commerce,2013,77.77
Department of Commerce,2013,32.369
Department of Commerce,2011,27.6
Department of Commerce,2012,49.06
Department of Commerce,2012,40.7
Department of Commerce,2011,2.47
Department of Commerce,2012,1.383
Department of Commerce,2012,2.424
Department of Commerce,2012,5.248994
Department of Commerce,2012,54.468197
Department of Commerce,2012,0.927026
Department of Commerce,2013,0.758
Department of Commerce,2013,0.48
Department of Commerce,2012,0.69629
Department of Commerce,2012,0.704857
Department of Commerce,2012,6.12603
Department of Commerce,2012,0.405383
Department of Commerce,2012,1.9085
Department of Commerce,2012,1.4151
Department of Commerce,2012,0.377089
Department of Commerce,2012,4.07484
Department of Commerce,2012,1.55809
Department of Commerce,2012,2.179936
Department of Commerce,2012,2.514063
Department of Commerce,2012,0.617595
Department of Commerce,2012,8.141993
Department of Commerce,2011,0.291779
Department of Commerce,2012,0.105
Department of Commerce,2016,44
Department of Commerce,2016,11
Department of Commerce,2016,5.6
Department of Commerce,2016,2
Department of Commerce,2012,2.8
Department of Commerce,2012,1.0001
Department of Commerce,2012,0.2
Department of Commerce,2013,1.445
Department of Commerce,2013,0.5015
Department of Commerce,2012,3.42
Department of Commerce,2012,1.5
Department of Commerce,2012,2.495
Department of Commerce,2012,1.65
Department of Commerce,2015,4.5
Department of Commerce,2015,30
Department of Commerce,2017,42
Department of Commerce,2013,5.195
Department of Commerce,2015,49.89
Department of Commerce,2012,0.33
Department of Commerce,2012,0.18
Department of Commerce,2012,0.04
Department of Commerce,2012,6.28632
Department of Commerce,2013,12.672268
Department of Commerce,2012,4.25
Department of Commerce,2012,4.8105
Department of Commerce,2012,13.783
Department of Commerce,2012,3.734
Department of Commerce,2014,0.707722
Department of Commerce,2012,0.29143
Department of Commerce,2012,5.16559
Department of Commerce,2013,4.50311
Department of Commerce,2013,3.835079
Department of Commerce,2013,1.77327
Department of Commerce,2021,76.09074
Department of Commerce,2012,1.29675
Department of Commerce,2012,2.04412
Department of Commerce,2011,0.73381
Department of Commerce,2012,2.40462
Department of Commerce,2011,2.291
Department of Commerce,2012,2.05995
Department of Commerce,2012,1.035
Department of Commerce,2012,3.45217
Department of Commerce,2013,4.45
Department of Commerce,2013,1.225
Department of Commerce,2011,4.50689
Department of Commerce,2012,3.86152
Department of Commerce,2012,0.84215
Department of Commerce,2011,1.09065
Department of Commerce,2012,4.98266
Department of Commerce,2011,3.41581
Department of Commerce,2011,0.489584
Department of Commerce,2012,6.9643
Department of Commerce,2012,12.72751
Department of Commerce,2011,0.64406
Department of Commerce,2011,2.23265
Department of Commerce,2012,0.27056
Department of Commerce,2012,0.36772
Department of Commerce,2011,0.52294
Department of Commerce,2012,3.24
Department of Commerce,2012,0.1008
Department of Commerce,2011,0.33277
Department of Commerce,2011,0.24842
Department of Commerce,2011,2.36071
Department of Commerce,2012,0.22943
Department of Commerce,2012,0.4763
Department of Commerce,2011,0.095277
Department of Commerce,2012,1.490352
Department of Commerce,2012,2.56928
Department of Commerce,2012,0.45074
Department of Commerce,2012,0.60144
Department of Commerce,2012,38.99609
Department of Commerce,2012,0.80047
Department of Commerce,2012,2.8
Department of Commerce,2012,4.31893
Department of Commerce,2011,0.286
Department of Commerce,2012,0.61879
Department of Commerce,2012,0.845
Department of Commerce,2012,1.45952
Department of Commerce,2012,3.27144
Department of Commerce,2012,0.25025
Department of Commerce,2012,3.88421
Department of Commerce,2012,0.185
Department of Commerce,2012,1.7542
Department of Commerce,2012,0.175
Department of Commerce,2012,1
Department of Commerce,2012,0.72472
Department of Commerce,2012,0.71414
Department of Commerce,2012,0.5
Department of Commerce,2012,1.05749
Department of Commerce,2012,2.84647
Department of Commerce,2012,0.085
Department of Commerce,2012,0.35
Department of Commerce,2013,0.15431
Department of Commerce,2013,1.4
Department of Commerce,2012,10.81775
Department of Commerce,2011,1.91382
Department of Commerce,2011,0.11574
Department of Commerce,2011,0.89427
Department of Commerce,2011,0.04717
Department of Commerce,2011,0.166
Department of Commerce,2012,11.71154
Department of Commerce,2012,0.2
Department of Commerce,2012,2.73157
Department of Commerce,2013,8.49282
Department of Commerce,2013,0.5
Department of Commerce,2012,0.4776
Department of Commerce,2012,3.871
Department of Commerce,2013,1
Department of Commerce,2012,5.21836
Department of Commerce,2012,0.84207
Department of Commerce,2012,2.55249
Department of Commerce,2013,4.33647
Department of Commerce,2011,0.66677
Department of Commerce,2012,2.32
Department of Commerce,2012,0.24878
Department of Commerce,2012,2.06623
Department of Commerce,2013,1.89967
Department of Commerce,2013,0.94928
Department of Commerce,2013,1.51959
Department of Commerce,2012,0.8719
Department of Commerce,2013,0.52544
Department of Commerce,2012,1.43565
Department of Commerce,2012,2.6702
Department of Commerce,2012,0.28442
Department of Commerce,2012,2.3074
Department of Commerce,2012,4.11065
Department of Commerce,2011,0.81178
Department of Commerce,2012,0.38762
Department of Commerce,2013,1.76934
Department of Commerce,2012,3.00238
Department of Commerce,2011,0.12637
Department of Commerce,2012,0.79586
Department of Commerce,2012,1.08423
Department of Commerce,2012,3.00238
Department of Commerce,2013,3.19378
Department of Commerce,2012,0.93947
Department of Commerce,2012,1.39027
Department of Commerce,2013,1.65455
Department of Commerce,2014,72.63
Department of Commerce,2014,15.445
Department of Commerce,2014,2.501
Department of Commerce,2014,35.573
Department of Commerce,2012,72.647
Department of Commerce,2012,11.339878
Department of Commerce,2012,3.824429
Department of Commerce,2012,1.852941
Department of Commerce,2011,1.83
Department of Commerce,2012,1.5
Department of Commerce,2011,0.208
Department of Commerce,2012,8.431158
Department of Commerce,2012,4.875
Department of Commerce,2012,1.5
Department of Commerce,2012,1
Department of Commerce,2011,0.544
Department of Commerce,2012,8.149
Department of Commerce,2013,10.7751
Department of Commerce,2014,1.49178
Department of Commerce,2014,0.7755
Department of Commerce,2014,1.59772
Department of Commerce,2013,16
Department of Commerce,2017,0.754
Department of Commerce,2017,23.04
Department of Defense,2012,5.468
Department of Defense,2012,9.764
Department of Defense,2017,127.2
Department of Defense,2013,74.641
Department of Defense,2013,26
Department of Defense,2012,14.457
Department of Defense,2015,221.9
Department of Defense,2011,134.182
Department of Defense,2013,5.716
Department of Defense,2012,12.117
Department of Defense,2013,13.05
Department of Defense,2014,40
Department of Defense,2017,37.845
Department of Defense,2017,68.964
Department of Defense,2017,16.924
Department of Defense,2017,16.011
Department of Defense,2017,112.442
Department of Defense,2017,12.543
Department of Defense,2013,24.88
Department of Defense,2013,122.393
Department of Defense,2012,21.446
Department of Defense,2012,70.297
Department of Defense,2012,32.921
Department of Defense,2012,13.734
Department of Defense,2012,32.987
Department of Defense,2021,825.103
Department of Defense,2014,4.668
Department of Defense,2018,57.403
Department of Defense,2018,70.052
Department of Defense,2018,123.878
Department of Defense,2014,227.643
Department of Defense,2012,2.5
Department of Defense,2012,14.596
Department of Defense,2012,0.546
Department of Defense,2012,17.695
Department of Defense,2012,1.415
Department of Defense,2012,2.595
Department of Defense,2012,35.566
Department of Defense,2012,35.566
Department of Defense,2012,3.899
Department of Defense,2012,5.394
Department of Defense,2012,16.571
Department of Defense,2012,0.36
Department of Defense,2012,3.212
Department of Defense,2012,18.032
Department of Defense,2012,24.563
Department of Defense,2012,28.34
Department of Defense,2012,7.086
Department of Defense,2012,23.4
Department of Defense,2015,59.1
Department of Defense,2014,1.85
Department of Defense,2013,15.56
Department of Defense,2013,3.99
Department of Defense,2012,5.938
Department of Defense,2012,17.58
Department of Defense,2025,554.696
Department of Defense,2014,3.6
Department of Defense,2015,209.5
Department of Defense,2020,638.7
Department of Defense,2012,51.42
Department of Defense,2012,8.869
Department of Defense,2015,32.67
Department of Defense,2012,0.37
Department of Defense,2012,1.416
Department of Defense,2012,16.525
Department of Defense,2012,0.5
Department of Defense,2012,1.101
Department of Defense,2012,4.964
Department of Defense,2012,6.23
Department of Defense,2012,4.306
Department of Defense,2012,1.638
Department of Defense,2012,1.682
Department of Defense,2012,200.241
Department of Defense,2012,41.615
Department of Defense,2012,90.923
Department of Defense,2012,84.986
Department of Defense,2010,5.254
Department of Defense,2017,25.371
Department of Defense,2017,54.591
Department of Defense,2017,107.09
Department of Defense,2012,155.198
Department of Defense,2012,89.3
Department of Defense,2012,131.388
Department of Defense,2015,81.551
Department of Defense,2012,34.848
Department of Defense,2012,924.731
Department of Defense,2013,203.192
Department of Defense,2011,0.619
Department of Defense,2011,0.849
Department of Defense,2012,5.961
Department of Defense,2013,9.104
Department of Defense,2013,6.183
Department of Defense,2013,5.126
Department of Defense,2013,5.322
Department of Defense,2013,2.188
Department of Defense,2014,27
Department of Defense,2012,33.1
Department of Defense,2012,32.3
Department of Defense,2012,53.4
Department of Defense,2012,22
Department of Defense,2012,3.047
Department of Defense,2012,2.302
Department of Defense,2017,21.76
Department of Defense,2012,9.188
Department of Defense,2012,8.45
Department of Defense,2013,7.492
Department of Defense,2013,6.223
Department of Defense,2013,10.369
Department of Defense,2014,20.881
Department of Defense,2016,3.863
Department of Defense,2014,10.368
Department of Defense,2016,42.307
Department of Defense,2012,3.544
Department of Defense,2014,11.994
Department of Defense,2012,19.947
Department of Defense,2015,21.271
Department of Defense,2012,1.2
Department of Defense,2013,15.812
Department of Defense,2012,13.357
Department of Defense,2015,105.57
Department of Defense,2011,3.888
Department of Defense,2013,33.574
Department of Defense,2012,17.6
Department of Defense,2012,30
Department of Defense,2014,30
Department of Defense,2012,21.932
Department of Defense,2012,12.645
Department of Defense,2012,2.945
Department of Defense,2013,98.81
Department of Defense,2013,16.972
Department of Defense,2013,33.249
Department of Defense,2012,7.982
Department of Defense,2013,5.542
Department of Defense,2012,2.862
Department of Defense,2012,7.876
Department of Defense,2012,41.248
Department of Defense,2012,41.487
Department of Defense,2012,19.483
Department of Defense,2017,1785.543
Department of Defense,2012,7.641
Department of Defense,2012,416.098
Department of Defense,2012,8.574
Department of Defense,2012,1.539
Department of Defense,2012,22.5
Department of Defense,2013,1.5
Department of Health and Human Services,2012,0.441
Department of Health and Human Services,2011,0.043
Department of Health and Human Services,2012,0.11
Department of Health and Human Services,2012,0.258
Department of Health and Human Services,2012,0.314
Department of Health and Human Services,2012,0.332
Department of Health and Human Services,2011,0.315
Department of Health and Human Services,2012,0.301
Department of Health and Human Services,2013,0.499
Department of Health and Human Services,2012,0.178
Department of Health and Human Services,2011,0.343
Department of Health and Human Services,2013,2.538
Department of Health and Human Services,2012,6.05
Department of Health and Human Services,2013,9.199
Department of Health and Human Services,2012,3.905
Department of Health and Human Services,2013,4.237
Department of Health and Human Services,2013,13.206
Department of Health and Human Services,2013,2.4
Department of Health and Human Services,2013,2.477
Department of Health and Human Services,2012,17.594
Department of Health and Human Services,2015,45.43
Department of Health and Human Services,2011,1
Department of Health and Human Services,2013,0.65
Department of Health and Human Services,2012,2.5
Department of Health and Human Services,2012,16.983
Department of Health and Human Services,2012,6
Department of Health and Human Services,2012,7.335
Department of Health and Human Services,2013,4
Department of Health and Human Services,2013,8.76
Department of Health and Human Services,2013,20.164
Department of Health and Human Services,2013,42.053
Department of Health and Human Services,2013,7.558
Department of Health and Human Services,2012,2.41
Department of Health and Human Services,2012,2.641
Department of Health and Human Services,2012,2.678
Department of Health and Human Services,2012,2.369
Department of Health and Human Services,2011,2.412
Department of Health and Human Services,2013,2.891
Department of Health and Human Services,2014,12.144
Department of Health and Human Services,2011,0.491
Department of Health and Human Services,2012,0.194
Department of Health and Human Services,2012,0.662
Department of Health and Human Services,2012,1.365
Department of Health and Human Services,2012,0.506
Department of Health and Human Services,2012,0.488
Department of Health and Human Services,2012,1.163
Department of Health and Human Services,2012,0.42
Department of Health and Human Services,2012,2.02
Department of Health and Human Services,2012,0.6
Department of Health and Human Services,2013,2.063
Department of Health and Human Services,2019,150.314
Department of Health and Human Services,2011,0.334
Department of Health and Human Services,2012,0.55
Department of Health and Human Services,2012,6.728
Department of Health and Human Services,2012,1.644
Department of Health and Human Services,2012,2.876
Department of Health and Human Services,2011,0.786
Department of Health and Human Services,2012,0.509
Department of Health and Human Services,2013,12.478
Department of Health and Human Services,2014,13.464
Department of Health and Human Services,2012,45.017
Department of Health and Human Services,2013,9.056
Department of Health and Human Services,2013,2.755
Department of Health and Human Services,2011,5.192
Department of Health and Human Services,2011,0.116
Department of Health and Human Services,2011,1.359
Department of Health and Human Services,2011,3.34
Department of Health and Human Services,2011,2.248
Department of Health and Human Services,2011,0.677
Department of Health and Human Services,2011,1.294
Department of Health and Human Services,2011,2.742
Department of Health and Human Services,2012,4.917
Department of Health and Human Services,2012,1.259
Department of Health and Human Services,2012,0.688
Department of Health and Human Services,2013,1.115
Department of Health and Human Services,2012,6.837
Department of Health and Human Services,2012,4.376
Department of Health and Human Services,2012,3.585
Department of Health and Human Services,2012,2.259
Department of Health and Human Services,2011,4.856
Department of Health and Human Services,2013,1.502
Department of Health and Human Services,2013,0.546
Department of Health and Human Services,2013,1.155
Department of Health and Human Services,2013,7.951
Department of Health and Human Services,2012,1.893
Department of Health and Human Services,2012,0.507
Department of Health and Human Services,2011,0.584
Department of Health and Human Services,2012,0.316
Department of Health and Human Services,2012,2.085
Department of Health and Human Services,2012,0.275
Department of Health and Human Services,2012,1.635
Department of Health and Human Services,2012,0.582
Department of Health and Human Services,2019,127.127
Department of Health and Human Services,2019,38.737
Department of Health and Human Services,2019,24.113
Department of Health and Human Services,2014,65.007
Department of Health and Human Services,2014,10.95
Department of Health and Human Services,2014,6.475
Department of Health and Human Services,2011,0.075
Department of Health and Human Services,2012,4.56
Department of Health and Human Services,2012,0.26
Department of Health and Human Services,2012,0.44
Department of Health and Human Services,2012,0.12
Department of Health and Human Services,2012,0.454
Department of Health and Human Services,2011,0.93
Department of Health and Human Services,2011,0.93
Department of Health and Human Services,2011,0.394
Department of Health and Human Services,2011,1.2
Department of Health and Human Services,2011,0.051
Department of Health and Human Services,2011,0.253
Department of Health and Human Services,2011,0.253
Department of Health and Human Services,2012,0.575
Department of Health and Human Services,2012,1.6
Department of Health and Human Services,2011,0.823
Department of Health and Human Services,2011,0.332
Department of Health and Human Services,2011,0.037
Department of Health and Human Services,2011,0.497
Department of Health and Human Services,2011,0.628
Department of Health and Human Services,2011,0.028
Department of Health and Human Services,2012,0.06
Department of Health and Human Services,2011,0.08
Department of Health and Human Services,2011,0.079
Department of Health and Human Services,2011,0.364
Department of Health and Human Services,2012,0.208
Department of Health and Human Services,2010,0.066
Department of Health and Human Services,2011,0.096
Department of Health and Human Services,2011,0.198
Department of Health and Human Services,2011,0.147
Department of Health and Human Services,2012,0.126
Department of Health and Human Services,2011,0.12
Department of Health and Human Services,2012,0.142
Department of Health and Human Services,2012,0.093
Department of Health and Human Services,2012,0.473
Department of Health and Human Services,2012,0.18
Department of Health and Human Services,2012,0.072
Department of Health and Human Services,2012,0.169
Department of Health and Human Services,2012,0.213
Department of Health and Human Services,2012,0.074
Department of Health and Human Services,2012,0.138
Department of Health and Human Services,2012,0.084
Department of Health and Human Services,2012,0.117
Department of Health and Human Services,2012,0.13
Department of Health and Human Services,2012,0.33
Department of Health and Human Services,2012,0.505
Department of Health and Human Services,2013,8.175
Department of Health and Human Services,2013,5.84
Department of Health and Human Services,2012,3.57
Department of Health and Human Services,2012,1.983
Department of Health and Human Services,2015,20.108
Department of Health and Human Services,2016,9
Department of Health and Human Services,2012,1.455
Department of Health and Human Services,2012,0.35
Department of Health and Human Services,2012,2.674
Department of Health and Human Services,2013,0.6
Department of Health and Human Services,2013,0.6
Department of Health and Human Services,2013,2.12
Department of Health and Human Services,2013,0.94
Department of Health and Human Services,2012,1.16
Department of Health and Human Services,2012,0.6
Department of Health and Human Services,2012,1.435
Department of Health and Human Services,2014,8.417
Department of Health and Human Services,2012,0.292
Department of Health and Human Services,2014,95.907
Department of Health and Human Services,2014,26.17
Department of Health and Human Services,2011,0.706
Department of Health and Human Services,2012,0.865
Department of Health and Human Services,2012,1.39
Department of Health and Human Services,2012,1.212
Department of Health and Human Services,2012,0.95
Department of Health and Human Services,2012,0.944
Department of Health and Human Services,2015,249.327
Department of Health and Human Services,2015,267.005
Department of Health and Human Services,2011,6.54
Department of Health and Human Services,2012,5.034
Department of Health and Human Services,2012,5.034
Department of Health and Human Services,2012,5.034
Department of Health and Human Services,2012,5.034
Department of Health and Human Services,2013,6.558
Department of Health and Human Services,2012,1.8
Department of Health and Human Services,2012,0.5
Department of Health and Human Services,2012,1.668
Department of Health and Human Services,2012,3.75
Department of Health and Human Services,2014,11.168
Department of Health and Human Services,2012,0.58
Department of Health and Human Services,2013,6.845
Department of Health and Human Services,2013,11.602
Department of Health and Human Services,2012,1.288
Department of Health and Human Services,2013,22.241
Department of Health and Human Services,2012,0.731
Department of Health and Human Services,2013,0.45
Department of Health and Human Services,2012,2.281
Department of Health and Human Services,2012,1.011
Department of Health and Human Services,2012,1.836
Department of Health and Human Services,2012,0.854
Department of Health and Human Services,2012,1.474
Department of Health and Human Services,2012,0.229
Department of Health and Human Services,2012,1.9
Department of Health and Human Services,2012,1.075
Department of Health and Human Services,2012,2.15
Department of Health and Human Services,2012,0.702
Department of Health and Human Services,2012,0.899
Department of Health and Human Services,2012,0.785
Department of Health and Human Services,2012,1.255
Department of Health and Human Services,2012,1.515
Department of Health and Human Services,2012,0.826
Department of Health and Human Services,2020,170
Department of Health and Human Services,2020,27
Department of Health and Human Services,2020,80
Department of Health and Human Services,2013,26.03
Department of Health and Human Services,2013,53.04
Department of Health and Human Services,2013,20.546
Department of Health and Human Services,2013,23.98
Department of Health and Human Services,2013,10.406
Department of Health and Human Services,2013,26.85
Department of Health and Human Services,2013,3.25
Department of Health and Human Services,2014,103.589
Department of Health and Human Services,2012,1.496
Department of the Interior,2012,0.021
Department of the Interior,2012,0.2001
Department of the Interior,2012,0.087
Department of the Interior,2012,1.061
Department of the Interior,2012,2
Department of the Interior,2013,0.823
Department of the Interior,2013,20.201
Department of the Interior,2011,19.5
Department of the Interior,2011,7.83
Department of the Interior,2012,7.6
Department of the Interior,2012,4.654
Department of the Interior,2012,0.175
Department of the Interior,2011,4.654
Department of the Interior,2011,0.175
the Department,2011,2878.879
Department of the Interior,2012,6328.517
Department of the Interior,2013,41480
Department of the Interior,2013,2.045
Department of the Interior,2012,1.22
Department of the Interior,2011,0.436141
Department of the Interior,2012,0.38
Department of the Interior,2012,0.465
Department of the Interior,2012,0.465
Department of the Interior,2012,0.465
Department of the Interior,2015,31.965872
Department of the Interior,2012,0.23
Department of the Interior,2013,0.02
Department of the Interior,2012,1.85
Department of the Interior,2012,2.2
Department of the Interior,2013,36.057
Department of the Interior,2012,12.547182
Department of the Interior,2012,21.944
Department of the Interior,2012,80.331096
the Department,2012,16.54842
Department of the Interior,2012,7.112
Department of the Interior,2012,24.151191
Department of the Interior,2012,52.597902
Department of the Interior,2012,70.06221
Department of Justice,2021,851.145712
Department of Justice,2015,48.421
Department of Justice,2012,17.661015
Department of Justice,2013,0.747266
Department of Justice,2012,5.902
Department of Justice,2011,26.428
Department of Justice,2012,21.575
Department of Justice,2012,16.278
Department of Justice,2012,6.12
Department of Justice,2012,1.884
Department of Justice,2012,1.884
Department of Justice,2013,1.884
Department of Justice,2012,1.884
Department of Justice,2012,1.884
Department of Justice,2013,1.884
Department of Justice,2012,15.675
Department of Justice,2012,13.655
Department of Justice,2012,2.898189
Department of Justice,2012,32.6383
Department of Justice,2011,4.128
Department of Justice,2012,2.811
Department of Justice,2012,3.259
Department of Justice,2012,3.259
Department of Justice,2012,4.888
Department of Justice,2013,3.307
Department of Justice,2013,5.035
Department of Justice,2012,8.48
Department of Justice,2013,2.858
Department of Justice,2012,6.85
Department of Justice,2012,6.35
Department of Justice,2013,4.43
Department of Justice,2011,1.61
Department of Justice,2012,6.04
Department of Justice,2012,4
Department of Justice,2012,1.425
Department of Justice,2012,4.845
Department of Justice,2012,6.155
Department of Justice,2014,21.07708
Department of Justice,2012,0.99825
Department of Justice,2012,0.5576
Department of Labor,2012,6.402
Department of Labor,2011,0.674
Department of Labor,2012,1.029
Department of Labor,2012,1.572
Department of Labor,2012,0.568
Department of Labor,2012,0.212
Department of Labor,2012,0.331
Department of Labor,2012,0.664
Department of Labor,2012,1.029
Department of Labor,2012,1.029
Department of Labor,2012,0.515
Department of Labor,2012,0.336
Department of Labor,2012,0.462
Department of Labor,2012,0.42
Department of Labor,2012,0.63
Department of Labor,2012,0.735
Department of Labor,2013,0.756
Department of Labor,2011,0.587886
Department of Labor,2012,0.605522
Department of Labor,2012,0.064572
Department of Labor,2012,0.180626
Department of Labor,2012,0.1411
Department of Labor,2012,0.260251
Department of Labor,2011,0.15
Department of Labor,2012,0.27
Department of Labor,2011,0.21608
Department of Labor,2011,0.14856
Department of Labor,2012,0.20776
Department of Labor,2012,0.30504
Department of Labor,2012,0.30848
Department of Labor,2012,0.28918
Department of Labor,2012,0.11
Department of Labor,2012,0.0924
Department of Labor,2012,0.0725
Department of Labor,2012,0.13
Department of Labor,2012,0.12
Department of Labor,2011,0.161
Department of Labor,2012,1.1425
Department of Labor,2011,1.141
Department of Labor,2011,0.0764
Department of Labor,2011,0.0964
Department of Labor,2011,0.137
Department of Labor,2013,7.218
Department of Labor,2013,3.192
Department of Labor,2011,0.66
Department of Labor,2011,1.19
Department of Labor,2011,1.04
Department of Labor,2012,1.04
Department of Labor,2012,0.02
Department of Labor,2011,0.02
Department of Labor,2012,0.03
Department of Labor,2012,0.03
Department of Labor,2012,1
Department of Labor,2012,0.962
Department of Labor,2011,0.254
Department of Labor,2012,0.369
Department of Labor,2012,1.295
Department of Labor,2011,3.769769
Department of Labor,2012,4.743254
Department of Labor,2013,1
Department of Labor,2012,2.405086
Department of Labor,2011,1.735
Department of Labor,2012,0.9
Department of Labor,2012,0.122891
Department of Labor,2012,0.519999
Department of Labor,2012,0.294937
Department of Labor,2012,0.111973
Department of Labor,2012,0.251938
Department of Labor,2012,0.349498
Department of Labor,2012,0.13518
Department of Labor,2012,0.135178
Department of Labor,2012,0.337949
Department of Labor,2012,0.122891
Department of Labor,2012,0.335911
Department of Labor,2012,1.0153
Department of Labor,2012,0.7807
Department of Labor,2012,0.05
Department of Labor,2011,0.33
Department of Labor,2011,0.33
Department of Labor,2011,0.0971
Department of Labor,2011,0.08507
Department of Labor,2011,0.033184
Department of Labor,2011,0.007
Department of Labor,2012,0.132906
Department of Labor,2012,0.018643
Department of Labor,2012,0.063317
Department of Labor,2012,0.41
Department of Labor,2013,68.329951
Department of Labor,2016,45.080149
Department of Labor,2011,2.486
Department of Labor,2011,0.18
Department of Labor,2012,7.0438
Department of Labor,2013,0.12
Department of Labor,2011,0.928
Department of Labor,2012,1.81809
Department of Labor,2012,0.515
Department of Labor,2012,1.028
Department of Labor,2012,1.028
Department of Labor,2012,2.571
Department of Labor,2013,11.409
Department of Labor,2013,3.05
Department of Labor,2013,7.3
Department of Labor,2013,3.215
Department of Labor,2013,4.958
Department of Labor,2012,1.44
Department of Labor,2012,0.705
Department of Labor,2012,0.878
Department of Labor,2012,7.501
Department of Labor,2012,0.135
Department of Labor,2015,5.68
Department of Labor,2012,1.304
Department of Labor,2012,2.484
Department of Labor,2013,5.766
Department of Labor,2012,0.75
Department of Labor,2012,5.751
Department of Labor,2011,2.995
Department of Labor,2013,11.424988
Department of Labor,2013,18.622
Department of Labor,2011,2.010908
Department of Labor,2011,1.598
Department of Labor,2015,18.14645
Department of Labor,2012,1
Department of Labor,2012,0.47
Department of Labor,2012,6
Department of Labor,2013,1.5
Department of Labor,2012,0.005
Department of Labor,2013,1.5
Department of State,2012,3.289
Department of State,2016,17.617
Department of State,2012,1.45
Department of State,2013,16.066
Department of State,2012,2.112
Department of State,2011,5.624
Department of State,2011,0.194
Department of State,2012,5.608
Department of State,2012,4.101
Department of State,2012,3.9
Department of State,2012,5.846
Department of State,2013,3.469
Department of State,2013,3.011
Department of State,2014,6.198
Department of State,2016,3.119
Department of State,2013,22.881
Department of State,2015,1.954
Department of State,2011,1.148
Department of State,2013,2.344
Department of State,2013,3.194
Department of State,2012,22.831
Department of State,2013,1.512
Department of State,2014,60.767
Department of State,2015,25.65
Department of State,2011,1.7749
Department of State,2011,1.1033
Department of State,2012,2.2095
Department of State,2012,1.45873
Department of State,2014,14803.494
Department of State,2017,63.106
Department of State,2017,20.794
Department of State,2017,20.794
Department of State,2017,3.611
Department of State,2017,12.985
Department of State,2017,43.979
Department of State,2017,35.603
Department of State,2017,6.63
Department of State,2017,1.607
Department of State,2017,1.02
Department of State,2012,2.443
Department of State,2032,5461
Department of State,2032,98339
Department of State,2032,1522
Department of State,2032,1701
Department of State,2032,1491
Department of State,2032,1122
Department of State,2032,8104
Department of State,2032,2978
Department of State,2032,23363
Department of State,2012,6.2
Department of State,2012,13
Department of State,2012,5.7
Department of State,2012,12.2
Department of State,2012,8.6
Department of State,2012,12.8
Department of State,2012,31830
Department of State,2012,5833
Department of State,2012,2058
Department of State,2012,4636
Department of State,2012,2802
Department of State,2012,8827
Department of State,2012,1336
Department of State,2012,9097
Department of State,2012,1213
Department of State,2012,5001
Department of State,2012,8606
Department of State,2012,7179
Department of State,2012,1.723225
Department of State,2012,1.61445
Department of State,2012,22.896826
Department of State,2012,9.053882
Department of the Treasury,2012,20.87
Department of the Treasury,2013,41.737
Department of the Treasury,2013,12
Department of the Treasury,2016,66.263938
Department of the Treasury,2015,59.886645
Department of the Treasury,2012,19.66
Department of the Treasury,2015,220.814
Department of the Treasury,2012,2.48
Department of the Treasury,2013,2.443
Department of the Treasury,2012,0.978
Department of the Treasury,2011,5.117
Department of the Treasury,2011,3.06
Department of the Treasury,2013,6.866
Department of the Treasury,2012,9.707
Department of the Treasury,2013,4.737
Department of the Treasury,2014,8.314
Department of the Treasury,2012,8.11
Department of the Treasury,2011,0.2
Department of the Treasury,2012,8.798
Department of the Treasury,2012,5.178
Department of the Treasury,2012,1.661
Department of the Treasury,2012,1.926
Department of the Treasury,2012,2.82
Department of the Treasury,2011,0.1
Department of the Treasury,2014,15.4
Department of the Treasury,2012,1.925
Department of the Treasury,2012,0.84
Department of the Treasury,2012,3.095
Department of the Treasury,2012,1.899
Department of the Treasury,2012,0.429
Department of the Treasury,2012,1.089368
Department of the Treasury,2012,1.15
Department of the Treasury,2012,9.818451
Department of the Treasury,2012,0.95
Department of the Treasury,2012,0.62
Department of the Treasury,2011,0.27
Department of the Treasury,2013,0.25
Department of the Treasury,2013,41.36
Department of the Treasury,2013,46.21
Department of the Treasury,2013,76.411
Department of the Treasury,2012,1
Department of the Treasury,2012,34
Department of the Treasury,2012,28.05
Department of the Treasury,2012,3.731416
Department of the Treasury,2011,3.990648
Department of the Treasury,2012,3.538811
Department of the Treasury,2013,4.590668
Department of the Treasury,2012,2.435226
Department of the Treasury,2013,2.976311
Department of the Treasury,2013,0.25
Department of the Treasury,2011,1.947777
Department of the Treasury,2012,3.33371
Department of the Treasury,2011,2.861306
Department of the Treasury,2013,16.86
Department of the Treasury,2012,26.744
Department of the Treasury,2014,23.51
Department of the Treasury,2012,1.927104
Department of the Treasury,2012,1.927104
Department of the Treasury,2012,15.85
Department of the Treasury,2012,4.15
Department of the Treasury,2013,14.655
Department of the Treasury,2012,12.656
Department of the Treasury,2012,4.096
Department of the Treasury,2012,4.119
Department of the Treasury,2012,0.79
Department of the Treasury,2012,0.958
Department of the Treasury,2012,7.775
Department of the Treasury,2012,3.682
Department of the Treasury,2012,2.902
Department of the Treasury,2012,4.428
Department of the Treasury,2012,0.278
Department of the Treasury,2011,1.236
Department of the Treasury,2013,3.958765
Department of the Treasury,2013,9.983151
Department of the Treasury,2012,2.255253
Department of the Treasury,2013,2.094166
Department of the Treasury,2012,3.281694
Department of the Treasury,2013,5.171101
Department of the Treasury,2012,1.45
Department of the Treasury,2012,0.5
Department of the Treasury,2012,2.074
Department of the Treasury,2012,5.102
Department of the Treasury,2012,6.028282
Department of the Treasury,2012,3.812
Department of the Treasury,2014,2.808971
Department of the Treasury,2016,22
Department of the Treasury,2013,5.6
Department of the Treasury,2015,100
Department of the Treasury,2012,0.04
Department of the Treasury,2012,0.04
Department of the Treasury,2013,6.823
Department of the Treasury,2013,2.619056
Department of the Treasury,2012,1.0143
Department of the Treasury,2013,4.1196
Department of the Treasury,2013,3.19865
Department of the Treasury,2013,1.3799
Department of the Treasury,2011,0.001
Department of the Treasury,2012,0.8347
Department of the Treasury,2013,2.4432
Department of the Treasury,2014,2.423
Department of the Treasury,2012,7.13166
Department of the Treasury,2013,0.334
Department of the Treasury,2013,0.492
Department of the Treasury,2013,0.638
Department of the Treasury,2013,14.43
Social Security Administration,2011,46.36025
Social Security Administration,2012,2.82
Social Security Administration,2012,18.4
Social Security Administration,2012,6
Social Security Administration,2012,8.75
Social Security Administration,2012,9
Social Security Administration,2011,6.15
Social Security Administration,2012,19.1
Social Security Administration,2012,11
Social Security Administration,2012,0.36
Social Security Administration,2012,0.2
Social Security Administration,2011,49.90049
Social Security Administration,2012,7.88095
Social Security Administration,2012,8.82243
Social Security Administration,2012,2.82354
Social Security Administration,2012,0.73526
Social Security Administration,2012,1.07094
Social Security Administration,2012,0.19621
Social Security Administration,2011,11.987903
Social Security Administration,2012,6.158
Social Security Administration,2012,3.6262
Social Security Administration,2012,3.205
Social Security Administration,2012,0.27222
Social Security Administration,2012,0.444572
Social Security Administration,2011,83.47
Social Security Administration,2012,21.06311
Social Security Administration,2012,43.02655
Social Security Administration,2012,0.68405
Social Security Administration,2012,0.1254
Social Security Administration,2012,2.18316
Social Security Administration,2011,11.16399
Social Security Administration,2012,3.264985
Social Security Administration,2012,3.92223
Social Security Administration,2012,5.891714
Social Security Administration,2012,1.543056
Social Security Administration,2012,1.342797
Social Security Administration,2012,2.67
Social Security Administration,2012,0.2
Social Security Administration,2012,8.79326
Social Security Administration,2012,1.62046
Social Security Administration,2012,3.60799
Social Security Administration,2012,0.15956
Social Security Administration,2012,0.09246
Social Security Administration,2012,0.86999
Social Security Administration,2012,0.20088
Social Security Administration,2012,0.56553
Social Security Administration,2012,2.71299
Social Security Administration,2012,0.19621
Social Security Administration,2012,22.5109
Social Security Administration,2012,1.07542
Social Security Administration,2011,27.83324
Social Security Administration,2012,26.15708
Social Security Administration,2012,57.38801
Social Security Administration,2012,5.31502
Social Security Administration,2012,14.7255
Social Security Administration,2012,6.52776
Social Security Administration,2012,2.4632
Social Security Administration,2012,0.32039
Social Security Administration,2011,57.95503
Social Security Administration,2012,3.91449
Social Security Administration,2012,1.96007
Social Security Administration,2012,6.21477
Social Security Administration,2012,3.1889
Social Security Administration,2012,1.84942
Social Security Administration,2012,2.21028
Social Security Administration,2012,6.03273
Social Security Administration,2012,1.21159
Social Security Administration,2012,15.5956
Social Security Administration,2012,4.82371
Social Security Administration,2012,3.94428
Social Security Administration,2012,0.88565
Social Security Administration,2012,3.25371
Social Security Administration,2012,2.83036
Social Security Administration,2012,7.56148
Social Security Administration,2012,4.04585
Social Security Administration,2011,36.76052
Social Security Administration,2012,8.06585
Social Security Administration,2012,56.02087
Social Security Administration,2012,18.23801
Social Security Administration,2012,1.40266
Social Security Administration,2012,0.19621
Social Security Administration,2011,14.58129
Social Security Administration,2012,0.438008
Social Security Administration,2012,2.668281
Social Security Administration,2012,9.514157
Social Security Administration,2012,0.08027
Social Security Administration,2012,0.444572
Social Security Administration,2011,16.85505
Social Security Administration,2012,0.15717
Social Security Administration,2012,0.22158
Social Security Administration,2012,0.03865
Social Security Administration,2012,0.34995
Social Security Administration,2012,6.11745
Social Security Administration,2012,0.12883
Social Security Administration,2012,0.42115
Social Security Administration,2012,1.30514
Social Security Administration,2012,0.19621
Social Security Administration,2012,7.96019
Social Security Administration,2012,0.86548
Social Security Administration,2012,3.957611
Social Security Administration,2012,5.794373
Social Security Administration,2012,3.10609
Social Security Administration,2012,0.203546
Social Security Administration,2011,5.610005
Social Security Administration,2012,0.982165
Social Security Administration,2012,26.32566
Social Security Administration,2012,0.159365
Social Security Administration,2012,0.817118
Department of Education,2012,4.528542
Department of Education,2012,8.862
Department of Education,2012,1.145
Department of Education,2012,0.5
Department of Education,2012,1.34141
Department of Education,2012,0.667546
Department of Education,2012,0.348112
Department of Education,2013,1.381652
Department of Education,2012,0.040534
Department of Education,2013,0.687572
Department of Education,2011,6.655
Department of Education,2012,1.834
Department of Education,2013,0.098006
Department of Education,2012,0.009
Department of Education,2012,0.27
Department of Education,2012,0.971
Department of Education,2013,4.460662
Department of Education,2014,8.943187
Department of Education,2013,0.572452
Department of Education,2012,0.325712
Department of Education,2012,4.885288
Department of Education,2012,1.173
Department of Education,2012,0.367
Department of Education,2012,0.036
Department of Education,2012,0.404
Department of Education,2012,0.503
Department of Education,2013,1.3
Department of Education,2012,2.03
Department of Education,2012,0.051
Department of Education,2012,0.45
Department of Education,2012,2.632703
Department of Education,2013,2.292
Department of Education,2011,136.24
Department of Education,2012,0.3
Department of Education,2012,1.93
Department of Education,2012,1
Department of Education,2012,6.214
Department of Education,2012,2.5
Department of Education,2013,6.466
Department of Education,2013,2.5
Department of Education,2012,5
Department of Education,2012,9.5
Department of Education,2012,0.25
Department of Education,2012,0.1
Department of Education,2013,0.65
Department of Education,2012,0.1
Department of Education,2013,1.4
Department of Education,2017,23.237
Department of Energy,2011,0.006
Department of Energy,2012,0.0035
Department of Energy,2012,0.004
Department of Energy,2012,0.008
Department of Energy,2012,0.6286
Department of Energy,2012,0.181
Department of Energy,2012,0.141
Department of Energy,2012,0.24
Department of Energy,2012,0.08
Department of Energy,2012,2.981459
Department of Energy,2012,1.5
Department of Energy,2012,44.690208
Department of Energy,2012,0.65
Department of Energy,2012,1.064
Department of Energy,2012,0.805
Department of Energy,2012,0.36098
Department of Energy,2012,0.257
Department of Energy,2012,0.855
Department of Energy,2012,1.163
Department of Energy,2012,0.171
Department of Energy,2012,14.2664
Department of Energy,2012,8.344
Department of Energy,2012,0.05
Department of Energy,2012,0.125
Department of Energy,2012,0.0336
Department of Energy,2012,9.538389
Department of Energy,2012,0.06
Department of Energy,2012,32.389
Department of Energy,2012,0.0688
Department of Education,2012,4.70953
Department of Energy,2012,0.208
Department of Energy,2013,3.466
Department of Energy,2014,23.263029
Department of Energy,2012,1.8
Department of Energy,2012,0.05
Department of Energy,2012,0.0041
Department of Energy,2013,1.47448
Department of Energy,2013,0.65507
Department of Energy,2013,0.2
Department of Energy,2012,0.248
Department of Energy,2012,0.05
Department of Energy,2012,0.33
Department of Energy,2012,0.02
Environmental Protection Agency,2012,1.72
Environmental Protection Agency,2012,6.69
Environmental Protection Agency,2012,0.2218
Environmental Protection Agency,2012,0.1546
Environmental Protection Agency,2012,0.1546
Environmental Protection Agency,2012,0.181
Environmental Protection Agency,2012,2.0681
Environmental Protection Agency,2012,0.1546
Environmental Protection Agency,2012,0.1546
Environmental Protection Agency,2012,0.1546
Environmental Protection Agency,2012,0.1546
Environmental Protection Agency,2012,0.1342
Environmental Protection Agency,2012,0.1546
Environmental Protection Agency,2012,0.940374
Environmental Protection Agency,2016,2.33
Environmental Protection Agency,2012,92.02
Environmental Protection Agency,2014,28.88
Environmental Protection Agency,2012,6.913
Environmental Protection Agency,2012,1.099
Environmental Protection Agency,2012,0.953
Environmental Protection Agency,2012,1.2
Environmental Protection Agency,2012,1.671
Environmental Protection Agency,2013,4.376594
Environmental Protection Agency,2013,6.914
Environmental Protection Agency,2013,5.287114
Environmental Protection Agency,2012,1.23
Department of Transportation,2013,9.109222
Department of Transportation,2012,3.489873
Department of Transportation,2013,80.567407
Department of Transportation,2014,142.149761
Department of Transportation,2014,104.430457
Department of Transportation,2013,5.939655
Department of Transportation,2014,23.028607
Department of Transportation,2013,13.947928
Department of Transportation,2013,3.432272
Department of Transportation,2013,6.775212
Department of Transportation,2013,11.04198
Department of Transportation,2012,20.97
Department of Transportation,2012,0.6
Department of Transportation,2012,3.45
Department of Transportation,2012,5.921
Department of Transportation,2012,2.759
Department of Transportation,2011,3.423
Department of Transportation,2012,46.32
Department of Transportation,2011,1.027
Department of Transportation,2011,3.353
Department of Transportation,2014,5.31
Department of Transportation,2013,0.25
Department of Transportation,2011,8
Department of Transportation,2012,28.088267
Department of Transportation,2012,4.276
Department of Transportation,2014,6
Department of Transportation,2014,6.54
Department of Transportation,2013,2.387
Department of Transportation,2013,2.171
Department of Transportation,2012,53.709
Department of Transportation,2014,1
Department of Transportation,2011,3.674
Department of Transportation,2011,10.233
Department of Transportation,2011,7
Department of Transportation,2012,20.08
Department of Transportation,2013,19.11
Department of Transportation,2012,9.68
Department of Transportation,2013,2.16
Department of Transportation,2013,10.66
Department of Transportation,2013,21.31
Department of Transportation,2013,1.603
Department of Transportation,2013,1.07
Department of Transportation,2012,1.33
Department of Transportation,2012,18.214
Department of Transportation,2012,0.115
Department of Transportation,2012,0.65
Department of Transportation,2016,32.4
Department of Transportation,2015,20.9
Department of Transportation,2015,13.4
Department of Transportation,2013,5.6
Department of Transportation,2011,13.2
Department of Transportation,2012,1.353684
Department of Transportation,2016,44.6
Department of Transportation,2011,0.45
Department of Transportation,2012,0.5
Department of Transportation,2012,7.416827
Department of Transportation,2012,7.148947
Department of Transportation,2013,6.853979
Department of Transportation,2013,5.504064
Department of Transportation,2014,5.198326
Department of Transportation,2012,23.55
Department of Transportation,2013,4.668
Department of Transportation,2013,5.13
Department of Transportation,2011,2.87
Department of Transportation,2011,0.791
Department of Transportation,2012,0.873
Department of Transportation,2012,0.59
Department of Transportation,2012,0.491
Department of Transportation,2013,7.473
Department of Transportation,2013,1.587
Department of Transportation,2014,6.245
Department of Transportation,2014,28.759
Department of Transportation,2015,6.379
Department of Transportation,2011,4.772
Department of Transportation,2010,1.238
Department of Transportation,2012,1.575
Department of Transportation,2012,10.094
Department of Transportation,2013,2.985
Department of Transportation,2013,6.194
Department of Transportation,2011,6.21
Department of Transportation,2012,3.641
Department of Transportation,2012,4.568
Department of Transportation,2015,32.67
Department of Transportation,2017,26
Department of Transportation,2017,246
Department of Transportation,2014,22
Department of Transportation,2012,3
Department of Transportation,2015,27
Department of Transportation,2015,111
Department of Transportation,2012,11.075
Department of Transportation,2013,17.515
Department of Transportation,2013,9.5
Department of Transportation,2013,7.5
Department of Transportation,2012,8.375249
Department of Transportation,2012,10.711439
Department of Transportation,2013,8.36596
Department of Transportation,2012,6.593198
Department of Transportation,2012,11.902777
Department of Transportation,2012,9.401802
Department of Transportation,2012,4.955238
Department of Transportation,2012,5.971
Department of Transportation,2012,5.854571
Department of Transportation,2013,4.953508
Department of Transportation,2014,5.685
Department of Transportation,2014,6.061
Department of Transportation,2016,7.317
Department of Transportation,2014,7.346
Department of Transportation,2015,10.789
Department of Transportation,2014,6.424
Department of Transportation,2016,6.2
Department of Transportation,2012,3.57573
Department of Transportation,2012,1.721284
Department of Transportation,2013,1.673141
Department of Transportation,2013,5.458519
Department of Transportation,2013,1.905005
Department of Transportation,2012,1.239666
Department of Transportation,2012,0.750953
Department of Transportation,2012,0.310057
Department of Transportation,2012,1.992704
Department of Transportation,2012,0.115838
Department of Transportation,2012,0.492276
Department of Transportation,2012,0.557325
Department of Transportation,2012,0.205024
Department of Transportation,2012,0.400654
Department of Transportation,2012,0.094825
Department of Transportation,2012,19.611
Department of Transportation,2013,23.409406
Department of Transportation,2013,47.158435
Department of Transportation,2012,17.32905
Department of Transportation,2013,55.275485
Department of Transportation,2011,3.135645
Department of Transportation,2012,5.703087
Department of Transportation,2012,0.55
Department of Transportation,2013,23.8
Department of Transportation,2013,15
Department of Transportation,2014,10
Department of Transportation,2013,10.5
Department of Transportation,2016,1
Department of Transportation,2013,9
Department of Transportation,2011,0.198
Department of Transportation,2016,6.871
Department of Transportation,2012,5
Department of Transportation,2012,0.000002
Department of Transportation,2011,0.000001
Department of Transportation,2011,0.12
Department of Transportation,2011,0.000002
Department of Transportation,2011,0.25
Department of Transportation,2012,0.009104
Department of Transportation,2011,0.000002
Department of Transportation,2012,1.2
Department of Transportation,2012,0.000002
Department of Transportation,2012,0.05
Department of Transportation,2013,0.813
Department of Transportation,2012,5.047549
Department of Transportation,2013,95.77
Department of Transportation,2013,16.32
Department of Transportation,2012,14.608886
Department of Transportation,2012,2.505128
Department of Transportation,2012,22.186346
Department of Transportation,2012,7.131407
Department of Transportation,2012,3.092484
Department of Transportation,2012,8.713913
Department of Transportation,2012,15.799774
Department of Transportation,2012,4.3494
Department of Transportation,2012,7.619988
Department of Transportation,2012,1.15
Department of Transportation,2012,12.592812
Department of Transportation,2012,4.4795
Department of Transportation,2012,29.4055
Department of Transportation,2012,1.6
Department of Transportation,2012,10.203749
Department of Transportation,2012,4.600947
Department of Transportation,2012,5.989489
Department of Transportation,2012,3.11816
Department of Transportation,2012,9.019765
Department of Transportation,2012,8.072247
Department of Transportation,2012,1.1
Department of Transportation,2012,10.029354
Department of Transportation,2012,11.761813
Department of Transportation,2012,20.295929
Department of Transportation,2012,7.691524
Department of Transportation,2012,15.580002
Department of Transportation,2012,13.24969
Department of Transportation,2012,3.384274
Department of Transportation,2012,20.120384
Department of Transportation,2012,3.95257
Department of Transportation,2013,5.419167
Department of Transportation,2013,12.128604
Department of Transportation,2014,2.188114
Department of Transportation,2012,10.59037
Department of Transportation,2012,27.76489
Department of Transportation,2014,11.2
Department of Transportation,2011,8.402
Department of Transportation,2012,15.88931
Department of Transportation,2012,16.55073
Department of Transportation,2013,17.686
Department of Transportation,2012,10.324
Department of Transportation,2015,34.48
Department of Transportation,2013,5
Department of Transportation,2013,10
Department of Transportation,2011,3.1
Department of Transportation,2012,1.2
Department of Transportation,2013,64.6
Department of Transportation,2013,29.4
Department of Transportation,2012,5
Department of Transportation,2011,2.5
Department of Transportation,2011,3
Department of Transportation,2012,22.376197
Department of Transportation,2013,23.375
Department of Transportation,2014,8
Department of Transportation,2012,4.60456
Department of Transportation,2013,1.571303
Department of Transportation,2013,4.547075
Department of Transportation,2013,5.961694
Department of Transportation,2015,2.038441
Department of Transportation,2016,24.171919
Department of Transportation,2012,0.68
Department of Transportation,2014,4.9
Department of Transportation,2013,1.45584
Department of Transportation,2012,4.5
Department of Transportation,2013,1.6
Department of Transportation,2012,0.12
Department of Transportation,2013,0.86
Department of Transportation,2013,6
Department of Transportation,2012,0.497
Department of Transportation,2013,0.053
Department of Transportation,2011,0.35754
Department of Transportation,2012,0.224
General Services Administration,2012,0.732
General Services Administration,2012,0.492
General Services Administration,2012,1.218
General Services Administration,2012,1
General Services Administration,2012,1.93
General Services Administration,2012,1.2
General Services Administration,2012,0.15
General Services Administration,2011,0.233
General Services Administration,2011,0.116
General Services Administration,2011,0.146
General Services Administration,2011,2.243
General Services Administration,2012,1.902246
General Services Administration,2012,0.221177
General Services Administration,2012,0.212005
General Services Administration,2011,0.525
General Services Administration,2012,1.149
General Services Administration,2011,0.331
General Services Administration,2012,0.369
General Services Administration,2012,0.28
General Services Administration,2012,21.058
General Services Administration,2011,2.5
General Services Administration,2011,1.5
General Services Administration,2011,0.25
General Services Administration,2011,0.684
General Services Administration,2011,0.26
General Services Administration,2011,0.475
General Services Administration,2011,0.065
General Services Administration,2011,0.5
General Services Administration,2012,14.718
General Services Administration,2012,0.75
General Services Administration,2012,1.5
General Services Administration,2012,2.5
General Services Administration,2012,1
General Services Administration,2012,2
General Services Administration,2012,0.704
General Services Administration,2012,0.25
General Services Administration,2012,0.25
General Services Administration,2012,0.5
General Services Administration,2012,14.565
General Services Administration,2012,132.003
General Services Administration,2012,0.242
General Services Administration,2011,5.34416
General Services Administration,2013,15.567753
General Services Administration,2012,0.227
General Services Administration,2012,0.5
General Services Administration,2012,0.75
General Services Administration,2012,0.227
General Services Administration,2012,1.75
General Services Administration,2012,0.5
General Services Administration,2012,0.5
General Services Administration,2011,0.17
General Services Administration,2012,1.36
General Services Administration,2012,37.935079
General Services Administration,2012,0.845544
General Services Administration,2012,1.169731
General Services Administration,2011,0.156647
General Services Administration,2011,0.07961
General Services Administration,2011,0.103
General Services Administration,2011,0.105
General Services Administration,2012,0.351
General Services Administration,2012,0.367
General Services Administration,2012,0.456
General Services Administration,2012,0.1997
General Services Administration,2012,3.0701
General Services Administration,2012,1.824522
General Services Administration,2012,11.258
General Services Administration,2014,40
General Services Administration,2011,0.525
General Services Administration,2012,1.4
General Services Administration,2012,0.469411
Department of Homeland Security,2013,22.342
Department of Homeland Security,2011,2.5
Department of Homeland Security,2011,0.313
Department of Homeland Security,2011,0.5
Department of Homeland Security,2012,2.4
Department of Homeland Security,2012,2.62
Department of Homeland Security,2012,4
Department of Homeland Security,2011,8.44
Department of Homeland Security,2028,603.445
Department of Homeland Security,2028,567.843
Department of Homeland Security,2028,157.248
Department of Homeland Security,2028,1817.813
Department of Homeland Security,2028,65.022
Department of Homeland Security,2028,176.591
Department of Homeland Security,2012,0.883
Department of Homeland Security,2012,0.343
Department of Homeland Security,2011,1.419
Department of Homeland Security,2014,111.6
Department of Homeland Security,2014,181.47
Department of Homeland Security,2020,155.705
Department of Homeland Security,2012,97.69
Department of Homeland Security,2012,40.4
Department of Homeland Security,2016,65.75
Department of Homeland Security,2016,613.07
Department of Homeland Security,2011,0.286
Department of Homeland Security,2011,1.624
Department of Homeland Security,2011,3.65
Department of Homeland Security,2011,1.19
Department of Homeland Security,2014,5.336
Department of Homeland Security,2013,6.072
Department of Homeland Security,2015,10.14
Department of Homeland Security,2013,3.805
Department of Homeland Security,2014,2.75
Department of Homeland Security,2011,7.655
Department of Homeland Security,2020,115.17
Department of Homeland Security,2012,3.43
Department of Homeland Security,2014,2.5
Department of Homeland Security,2014,10
Department of Homeland Security,2013,12
Department of Homeland Security,2011,14.56
Department of Homeland Security,2012,18.677
Department of Homeland Security,2013,25.844
Department of Homeland Security,2011,1.98
Department of Homeland Security,2012,5.2
Department of Homeland Security,2013,2
Department of Homeland Security,2015,21.61
Department of Homeland Security,2015,2.14
Department of Homeland Security,2015,3.2
Department of Homeland Security,2014,2.5
Department of Homeland Security,2012,1.793
Department of Homeland Security,2012,0.902
Department of Homeland Security,2012,0.052
Department of Homeland Security,2013,0.179
Department of Homeland Security,2016,2.606
Department of Homeland Security,2012,3.317
Department of Homeland Security,2011,1.459
Department of Homeland Security,2013,3.57
Department of Homeland Security,2012,3.85
Department of Homeland Security,2012,2.092
Department of Homeland Security,2012,3.8
Department of Homeland Security,2012,4.7
Department of Homeland Security,2012,1.5
Department of Homeland Security,2012,1.5
Department of Homeland Security,2012,1
Department of Homeland Security,2012,2.69
Department of Homeland Security,2013,0.849
Department of Homeland Security,2013,0.194
Department of Homeland Security,2012,3.002
Department of Homeland Security,2012,14.855
Department of Homeland Security,2013,50.281
Department of Homeland Security,2017,43.2
Department of Homeland Security,2017,8.3
Department of Homeland Security,2017,12.064
Department of Homeland Security,2012,2.36
Department of Homeland Security,2012,29.199
Department of Homeland Security,2012,0.631
Department of Homeland Security,2012,3.36
Department of Homeland Security,2012,0.234
Department of Homeland Security,2012,2.206
Department of Homeland Security,2011,1.8
Department of Homeland Security,2014,5
Department of Homeland Security,2012,20
Department of Homeland Security,2012,1.2
Department of Homeland Security,2011,3.69
Department of Homeland Security,2012,2.667
Department of Homeland Security,2012,0.621
Department of Homeland Security,2012,2.308
Department of Homeland Security,2011,2.99
Department of Homeland Security,2012,5.374
Department of Homeland Security,2012,6.768
Department of Homeland Security,2012,3.586
Department of Homeland Security,2012,3.773
Department of Homeland Security,2011,0.204
Department of Homeland Security,2012,2.448
Department of Homeland Security,2012,16
Department of Homeland Security,2013,16
Department of Homeland Security,2011,9
Department of Homeland Security,2012,50.04
Department of Homeland Security,2013,5
Department of Homeland Security,2013,12
Department of Homeland Security,2011,0.742
Department of Homeland Security,2012,1.4
Department of Homeland Security,2012,2
Department of Homeland Security,2012,0.09
Department of Homeland Security,2012,0.09
Department of Homeland Security,2014,5
Department of Homeland Security,2012,9
Department of Homeland Security,2012,6.5
Department of Homeland Security,2013,0.75
Department of Homeland Security,2013,0.75
Department of Homeland Security,2012,1.2
Department of Homeland Security,2012,2
Department of Homeland Security,2012,0.945
Department of Homeland Security,2011,0.873
Department of Homeland Security,2012,0.65
Department of Homeland Security,2012,1.33
Department of Homeland Security,2013,5.6
Department of Homeland Security,2013,0.8
Department of Homeland Security,2013,1.2
Department of Homeland Security,2014,31.272
Department of Homeland Security,2014,31
Department of Homeland Security,2014,88.807
Department of Homeland Security,2014,1.75
Department of Homeland Security,2015,5.64
Department of Homeland Security,2015,9.5
Department of Homeland Security,2012,1.5
Department of Homeland Security,2012,1.338
Department of Homeland Security,2011,0.523
Department of Homeland Security,2012,45.1
Department of Homeland Security,2012,6.488
Department of Homeland Security,2013,30.5
Department of Homeland Security,2014,37
Department of Homeland Security,2016,7.509
Department of Homeland Security,2016,3.094
Department of Homeland Security,2012,0.772
Department of Homeland Security,2012,0.159
Department of Homeland Security,2012,0.25
Department of Homeland Security,2012,0.25
Department of Homeland Security,2012,0.2
Department of Homeland Security,2017,15.45
Department of Homeland Security,2011,142.98
Department of Homeland Security,2012,22.7
Department of Homeland Security,2015,16
Department of Homeland Security,2017,10.5
Department of Homeland Security,2016,82.5
Department of Homeland Security,2013,5
Department of Homeland Security,2013,3.153
Department of Homeland Security,2012,0.12
Department of Homeland Security,2012,6.57
Department of Homeland Security,2012,18
Department of Homeland Security,2011,23.348
Department of Homeland Security,2012,13.379
Department of Homeland Security,2012,1.35
Department of Homeland Security,2012,125.49
Department of Homeland Security,2012,107.16
Department of Homeland Security,2012,90.93
Department of Homeland Security,2013,328.24
Department of Homeland Security,2013,22.939
Department of Homeland Security,2014,19
Department of Homeland Security,2012,15.788
Department of Homeland Security,2012,17.76
Department of Homeland Security,2012,172.564
Department of Homeland Security,2012,3
Department of Homeland Security,2012,22.848
Department of Homeland Security,2012,29.563
Department of Homeland Security,2012,60.47
Department of Homeland Security,2017,177.7
Department of Homeland Security,2017,27.3
Department of Homeland Security,2015,142.787
Department of Homeland Security,2011,0.9
Department of Homeland Security,2012,0.9
Department of Homeland Security,2013,0.9
Department of Homeland Security,2012,0.1
Department of Homeland Security,2012,0.2
Department of Homeland Security,2011,0.075
Department of Homeland Security,2012,0.075
Department of Homeland Security,2012,0.075
Department of Homeland Security,2012,0.016
Department of Homeland Security,2012,0.02
Department of Homeland Security,2012,0.063
Department of Homeland Security,2011,0.419
Department of Homeland Security,2012,7.2
Department of Homeland Security,2014,2.3
Department of Homeland Security,2013,2.4
Department of Homeland Security,2013,2.5
Department of Homeland Security,2014,5
Department of Homeland Security,2015,16
Department of Homeland Security,2015,0.518
Department of Homeland Security,2012,0.668
Department of Homeland Security,2011,0.1
Department of Homeland Security,2012,0.35
Department of Homeland Security,2012,0.3
Department of Homeland Security,2012,0.305
Department of Homeland Security,2012,0.27
Department of Homeland Security,2012,0.45
Department of Homeland Security,2012,0.449
Department of Homeland Security,2012,0.42
Department of Homeland Security,2012,0.287
Department of Homeland Security,2012,0.342
Department of Homeland Security,2012,0.347
Department of Homeland Security,2012,1.344
Department of Homeland Security,2012,1.44
Department of Homeland Security,2011,0.03
Department of Homeland Security,2011,1.844
Department of Homeland Security,2012,0.35
Department of Homeland Security,2012,0.35
Department of Homeland Security,2013,0.35
Department of Homeland Security,2011,3.5
Department of Homeland Security,2011,0.155
Department of Homeland Security,2012,2.58
Department of Homeland Security,2013,11
Department of Homeland Security,2012,181.204
Department of Homeland Security,2013,88.783
Department of Homeland Security,2012,12.214
Department of Homeland Security,2013,42.861
Department of Homeland Security,2011,58.307
Department of Homeland Security,2013,46.456
Department of Homeland Security,2012,21.15
Department of Homeland Security,2012,7.018
Department of Homeland Security,2012,2.4
Department of Homeland Security,2012,5.32
Department of Homeland Security,2012,11.03
Department of Homeland Security,2012,8.743
Department of Homeland Security,2012,12.6
Department of Homeland Security,2012,3.223
Department of Homeland Security,2012,2.55
Department of Homeland Security,2012,7.05
Department of Homeland Security,2011,0.565
Department of Homeland Security,2012,0.938
Department of Homeland Security,2013,0.773
Department of Homeland Security,2011,0.438
Department of Homeland Security,2012,0.552
Department of Homeland Security,2011,0.328
Department of Homeland Security,2012,0.602
Department of Homeland Security,2012,0.574
Department of Homeland Security,2011,0.496
Department of Homeland Security,2012,0.683
Department of Homeland Security,2013,17.982
Department of Homeland Security,2015,36.315
Department of Homeland Security,2013,16.217
Department of Homeland Security,2016,76.44
Department of Homeland Security,2016,33.53
Department of Homeland Security,2016,76.55
Department of Homeland Security,2016,24.58
Department of Homeland Security,2014,25
Department of Homeland Security,2017,65.82
Department of Homeland Security,2017,167.35
Department of Homeland Security,2017,72.961
Department of Homeland Security,2017,46.222
Department of Homeland Security,2017,65.679
Department of Homeland Security,2017,138.724
Department of Homeland Security,2019,9.397
Department of Homeland Security,2019,9.397
Department of Homeland Security,2019,24.444
Department of Homeland Security,2019,24.444
Department of Homeland Security,2019,16.612
Department of Homeland Security,2019,16.612
Department of Homeland Security,2019,4.735
Department of Homeland Security,2019,10.602
Department of Homeland Security,2019,8.651
Department of Homeland Security,2019,6.29
Department of Homeland Security,2013,33.753
Department of Homeland Security,2014,31.768
Department of Homeland Security,2015,24.106
Department of Homeland Security,2014,13.159
Department of Homeland Security,2021,47.121
Department of Homeland Security,2012,2.275
Department of Homeland Security,2013,56
Department of Homeland Security,2013,49
Department of Homeland Security,2014,119
Department of Homeland Security,2020,45
Department of Homeland Security,2020,41
Department of Homeland Security,2012,6.2
Department of Homeland Security,2017,8.5
Department of Homeland Security,2017,18.442
Department of Homeland Security,2012,1.45
Department of Homeland Security,2013,0.15
Department of Homeland Security,2015,98.748
Department of Housing and Urban Development,2012,40.7
Department of Housing and Urban Development,2016,51.5
Department of Housing and Urban Development,2013,7
Department of Housing and Urban Development,2013,25.6
Department of Housing and Urban Development,2012,3
Department of Housing and Urban Development,2013,2.4
Department of Housing and Urban Development,2013,29.5
Department of Housing and Urban Development,2012,6.5
Department of Housing and Urban Development,2013,41.1
Department of Housing and Urban Development,2014,8.6
Department of Housing and Urban Development,2013,3.021108
Department of Housing and Urban Development,2013,3.154476
Department of Housing and Urban Development,2013,0.4
Department of Housing and Urban Development,2013,0.8005
Department of Housing and Urban Development,2013,2.037212
National Aeronautics and Space Administration,2012,0.25
National Aeronautics and Space Administration,2012,1.5
National Aeronautics and Space Administration,2012,0.5
National Aeronautics and Space Administration,2011,13
National Aeronautics and Space Administration,2011,26.7
National Aeronautics and Space Administration,2011,98.23
National Aeronautics and Space Administration,2011,30.6
National Aeronautics and Space Administration,2011,16.489
National Aeronautics and Space Administration,2011,21.201
National Aeronautics and Space Administration,2011,42.979
National Aeronautics and Space Administration,2012,36.432
National Aeronautics and Space Administration,2011,5.007
National Aeronautics and Space Administration,2011,8.615
National Aeronautics and Space Administration,2011,79.962
National Aeronautics and Space Administration,2011,6.292
National Aeronautics and Space Administration,2011,10.846
National Aeronautics and Space Administration,2011,0.928
National Aeronautics and Space Administration,2011,2.616
National Aeronautics and Space Administration,2011,0.945
National Aeronautics and Space Administration,2012,0.2
Office of Personnel Management,2012,0.2
Office of Personnel Management,2012,4.29
Office of Personnel Management,2011,0.865
Office of Personnel Management,2011,13.4
Office of Personnel Management,2017,60.662272
Office of Personnel Management,2016,36317.23512
Office of Personnel Management,2016,557.27
Office of Personnel Management,2011,322.78
Office of Personnel Management,2012,22.2935
Office of Personnel Management,2012,4.084
Office of Personnel Management,2012,10.282
Office of Personnel Management,2011,101.548
Office of Personnel Management,2016,84
Office of Personnel Management,2013,1.22
Office of Personnel Management,2013,0.706
Office of Personnel Management,2011,48.3
Office of Personnel Management,2012,2.984
Office of Personnel Management,2012,600
Office of Personnel Management,2011,11.364
Office of Personnel Management,2012,3.05
Office of Personnel Management,2011,0.01
Office of Personnel Management,2012,0.01
Office of Personnel Management,2012,0.01
Office of Personnel Management,2012,0.01
Office of Personnel Management,2012,0.025
Office of Personnel Management,2012,0.015
Office of Personnel Management,2012,0.651
Small Business Administration,2011,0.034
Small Business Administration,2013,1.2237
Small Business Administration,2013,3.6407
Small Business Administration,2012,1.6193
Small Business Administration,2012,0.7257
Small Business Administration,2013,3.0526
Small Business Administration,2018,5.534
Small Business Administration,2011,0.388
Small Business Administration,2011,1.25
Small Business Administration,2012,5.696
Small Business Administration,2011,1.3
Small Business Administration,2012,0.37
Small Business Administration,2011,2.25
Small Business Administration,2012,1.5
Small Business Administration,2013,1.615
Small Business Administration,2013,1.6
Small Business Administration,2012,8.028
Small Business Administration,2018,53.1308
Small Business Administration,2018,3.2197
Small Business Administration,2012,0.38
Small Business Administration,2012,0.3
Small Business Administration,2014,15.1
Small Business Administration,2013,3.4
Small Business Administration,2012,0.5
Small Business Administration,2017,75
Department of Veterans Affairs,2015,30.49
Department of Veterans Affairs,2014,47.256105
Department of Veterans Affairs,2012,67.026
Department of Veterans Affairs,2011,3.582984
Department of Veterans Affairs,2016,114.572699
Department of Veterans Affairs,2015,15.665358
Department of Veterans Affairs,2015,93.055742
Department of Veterans Affairs,2015,11.356
Department of Veterans Affairs,2013,24.634
Department of Veterans Affairs,2015,6.65958
Department of Veterans Affairs,2015,28.349266
Department of Veterans Affairs,2014,11.996822
Department of Veterans Affairs,2013,39.876
Department of Veterans Affairs,2015,7
Department of Veterans Affairs,2017,72.495616
Department of Veterans Affairs,2015,14.268218
Department of Veterans Affairs,2015,20.68
Department of Veterans Affairs,2015,9.778918
Department of Veterans Affairs,2016,56.631558
Department of Veterans Affairs,2013,20.726
Department of Veterans Affairs,2014,8.431318
Department of Veterans Affairs,2014,9.546318
Department of Veterans Affairs,2014,43.717105
Department of Veterans Affairs,2013,60.51
Department of Veterans Affairs,2013,3.825
Department of Veterans Affairs,2015,11.5
Department of Veterans Affairs,2014,38.67
Department of Veterans Affairs,2017,62.629
Department of Veterans Affairs,2012,1.937422
Department of Veterans Affairs,2013,6.628798
Department of Veterans Affairs,2012,1.8
Department of Veterans Affairs,2014,7.378058
Department of Veterans Affairs,2013,3.3
Department of Veterans Affairs,2012,1.958668
Department of Veterans Affairs,2013,8.4308
Department of Veterans Affairs,2011,23.178888
Department of Veterans Affairs,2013,151.4
Department of Veterans Affairs,2012,2
Department of Veterans Affairs,2012,71.293646
Department of Veterans Affairs,2013,82.62749
Department of Veterans Affairs,2012,52.195877
Department of Veterans Affairs,2013,9.853875
Department of Veterans Affairs,2012,12
Department of Veterans Affairs,2012,43.752
Department of Veterans Affairs,2013,13.93
Department of Veterans Affairs,2012,0.5
Department of Veterans Affairs,2013,5.79022
Department of Veterans Affairs,2012,10.442333
Department of Veterans Affairs,2012,10.442333
Department of Veterans Affairs,2013,22.701
Department of Veterans Affairs,2012,13.63564
Department of Veterans Affairs,2017,76.3
Department of Veterans Affairs,2012,22.981917
Department of Veterans Affairs,2012,0.54
Department of Veterans Affairs,2012,0.175
Department of Veterans Affairs,2013,3.249673
Department of Veterans Affairs,2012,2.6
Department of Veterans Affairs,2012,6.249673
Department of Veterans Affairs,2012,2.7
Department of Veterans Affairs,2014,18.051
Department of Veterans Affairs,2013,34.125
Department of Veterans Affairs,2013,25.825736
Department of Veterans Affairs,2013,7.563
Department of Veterans Affairs,2016,11.5
Department of Veterans Affairs,2015,16.148671
Department of Veterans Affairs,2012,38.603
Department of Veterans Affairs,2013,0.1459
Department of Veterans Affairs,2012,3.626
Department of Veterans Affairs,2013,5.679
Department of Veterans Affairs,2012,0.31
Department of Veterans Affairs,2012,4.67096
Department of Veterans Affairs,2013,5.754363
Department of Veterans Affairs,2011,23.664
Department of Veterans Affairs,2012,5.937
Department of Veterans Affairs,2014,27.08
Department of Veterans Affairs,2012,86.697339
Department of Veterans Affairs,2015,8.923
Department of Veterans Affairs,2012,4.035
Department of Veterans Affairs,2012,11.263
Department of Veterans Affairs,2011,21.258
Department of Veterans Affairs,2017,51.128
Department of Veterans Affairs,2012,40.710699
Department of Veterans Affairs,2017,89.512
Department of Veterans Affairs,2012,7.684208
Department of Veterans Affairs,2015,55
Department of Veterans Affairs,2012,9.413399
Department of Veterans Affairs,2012,3.506
Department of Veterans Affairs,2012,0.63725
Department of Veterans Affairs,2012,0.918
Department of Veterans Affairs,2017,66.601
Department of Veterans Affairs,2017,29.913
Department of Veterans Affairs,2015,21.693
Department of Veterans Affairs,2012,5.094378
Department of Veterans Affairs,2014,19.42
Department of Veterans Affairs,2014,204.286
Department of Veterans Affairs,2014,11.947
Department of Veterans Affairs,2012,2.325
Department of Veterans Affairs,2012,16.867
Department of Veterans Affairs,2017,49.94
Department of Veterans Affairs,2012,15.25
Department of Veterans Affairs,2012,5.101
Department of Veterans Affairs,2012,48.61
Department of Veterans Affairs,2013,16.845
Department of Veterans Affairs,2014,23.767668
Department of Veterans Affairs,2014,2.043462
Department of Veterans Affairs,2016,20.914
Department of Veterans Affairs,2015,2.297604
Department of Veterans Affairs,2013,17.883
Department of Veterans Affairs,2014,4.35
Department of Veterans Affairs,2016,337.672
Department of Veterans Affairs,2012,9.462
Department of Veterans Affairs,2014,8.03
Department of Veterans Affairs,2013,8.404
Department of Veterans Affairs,2012,2.1
Department of Veterans Affairs,2011,19.83
Department of Veterans Affairs,2012,38.051
Department of Veterans Affairs,2015,40.228
Department of Veterans Affairs,2017,55.677
Department of Veterans Affairs,2015,4.514
Department of Veterans Affairs,2013,2.1
Department of Veterans Affairs,2015,4.983
Department of Veterans Affairs,2012,0.839
Department of Veterans Affairs,2012,4.82
Department of Veterans Affairs,2012,12.159
Department of Veterans Affairs,2013,4.954
Department of Veterans Affairs,2015,4.983
Department of Veterans Affairs,2012,0.325
Department of Veterans Affairs,2013,2.9
Department of Veterans Affairs,2014,14
Department of Veterans Affairs,2013,12.081107
Department of Veterans Affairs,2013,8.024191
Department of Veterans Affairs,2014,9.098994
Department of Veterans Affairs,2014,8.389892
Department of Veterans Affairs,2016,38.69
Department of Veterans Affairs,2012,1.321277
Department of Veterans Affairs,2012,5.6
Department of Veterans Affairs,2015,2.368
Department of Veterans Affairs,2012,0.79091
Department of Veterans Affairs,2012,2.325672
Department of Veterans Affairs,2012,33.91
Department of Veterans Affairs,2012,1.385716
Department of Veterans Affairs,2012,10.697534
Department of Veterans Affairs,2012,0.888648
Department of Veterans Affairs,2012,0.797936
Department of Veterans Affairs,2012,1.235454
Department of Veterans Affairs,2012,1.235454
Department of Veterans Affairs,2012,1.642335
Department of Veterans Affairs,2011,11.42826
Department of Veterans Affairs,2011,10.249257
Department of Veterans Affairs,2012,7.717521
Department of Veterans Affairs,2012,4.010356
Department of Veterans Affairs,2012,3.205615
Department of Veterans Affairs,2011,8.851137
Department of Veterans Affairs,2013,3.065255
Department of Veterans Affairs,2013,12.826246
Department of Veterans Affairs,2013,8.158082
Department of Veterans Affairs,2013,2.901443
Department of Veterans Affairs,2013,23.558073
Department of Veterans Affairs,2013,18.328371
Department of Veterans Affairs,2013,11.991541
Department of Veterans Affairs,2013,23.707349
Department of Veterans Affairs,2013,23.707349
Department of Veterans Affairs,2013,68.69
Department of Veterans Affairs,2012,19.619
Department of Veterans Affairs,2014,24.959
Department of Veterans Affairs,2013,45.475
Department of Veterans Affairs,2012,6.486
Department of Veterans Affairs,2012,1.73
Department of Veterans Affairs,2011,1.76
Department of Veterans Affairs,2012,0.75
Department of Veterans Affairs,2013,82.314426
Department of Veterans Affairs,2011,55.7
Department of Veterans Affairs,2012,0.747285
Department of Veterans Affairs,2012,1.748
Department of Veterans Affairs,2012,4.168464
Department of Veterans Affairs,2014,122.23706
Department of Veterans Affairs,2013,5.686
Department of Veterans Affairs,2014,68.349438
Department of Veterans Affairs,2013,3.42035
Department of Veterans Affairs,2013,2.271706
Department of Veterans Affairs,2017,4.608063
Department of Veterans Affairs,2012,0.4
Department of Veterans Affairs,2013,8
Department of Veterans Affairs,2013,16
Department of Veterans Affairs,2012,2.939998
Department of Veterans Affairs,2012,2.939998
Department of Veterans Affairs,2013,2.178655
Department of Veterans Affairs,2013,2.178655
Department of Veterans Affairs,2013,2.178655
Department of Veterans Affairs,2013,2.178655
Department of Veterans Affairs,2013,2.178655
Department of Veterans Affairs,2013,2.178655
Department of Veterans Affairs,2013,2.178655
Department of Veterans Affairs,2012,3.5
Department of Veterans Affairs,2012,1.286912
Department of Veterans Affairs,2012,1.13665
Department of Veterans Affairs,2012,0.84817
Department of Veterans Affairs,2013,1.991782
Department of Veterans Affairs,2011,2.0775
Department of Veterans Affairs,2012,24.8
Department of Veterans Affairs,2017,59.619736
Department of Veterans Affairs,2013,2.178655
Department of Veterans Affairs,2013,2.9
Department of Veterans Affairs,2013,2.4
U.S. Agency for International Development,2013,6.836
U.S. Agency for International Development,2011,0.025
U.S. Agency for International Development,2011,0.02
U.S. Agency for International Development,2011,0.036
U.S. Agency for International Development,2012,1.375
U.S. Agency for International Development,2012,0.1675
U.S. Agency for International Development,2012,0.33
U.S. Agency for International Development,2012,0.048
U.S. Agency for International Development,2012,0.035
U.S. Agency for International Development,2013,20.7
U.S. Agency for International Development,2011,1.3
U.S. Agency for International Development,2013,2
U.S. Agency for International Development,2014,2.975
U.S. Agency for International Development,2014,37.322552
U.S. Army Corps of Engineers,2012,4
U.S. Army Corps of Engineers,2015,12.047
U.S. Army Corps of Engineers,2013,0.605
U.S. Army Corps of Engineers,2013,0.65
U.S. Army Corps of Engineers,2012,0.7
U.S. Army Corps of Engineers,2012,1.375
U.S. Army Corps of Engineers,2013,0.5
U.S. Army Corps of Engineers,2012,0.775
U.S. Army Corps of Engineers,2013,0.8
U.S. Army Corps of Engineers,2013,1.28
U.S. Army Corps of Engineers,2013,0.4
U.S. Army Corps of Engineers,2012,8.275
U.S. Army Corps of Engineers,2013,3.93322
U.S. Army Corps of Engineers,2012,4.61155
U.S. Army Corps of Engineers,2013,1.75
U.S. Army Corps of Engineers,2015,1.206
U.S. Army Corps of Engineers,2014,2.4
U.S. Army Corps of Engineers,2013,2.6
U.S. Army Corps of Engineers,2013,4.5
U.S. Army Corps of Engineers,2012,4.07
U.S. Army Corps of Engineers,2013,12.15
National Archives and Records Administration,2012,0.35
National Archives and Records Administration,2012,0.237
National Archives and Records Administration,2012,0.85
National Archives and Records Administration,2012,0.122
National Archives and Records Administration,2012,0.991
National Archives and Records Administration,2012,1.286
National Archives and Records Administration,2012,1.98
National Archives and Records Administration,2011,0.352
National Archives and Records Administration,2012,0.352
National Archives and Records Administration,2012,0.352
National Archives and Records Administration,2012,0.352
National Archives and Records Administration,2012,0.352
National Archives and Records Administration,2012,1.81
National Archives and Records Administration,2013,4
National Archives and Records Administration,2013,4
National Archives and Records Administration,2013,2
National Archives and Records Administration,2013,12
National Archives and Records Administration,2013,12.5
National Archives and Records Administration,2012,2.179
National Archives and Records Administration,2012,0.783
National Archives and Records Administration,2012,0.705
National Archives and Records Administration,2012,0.434
National Science Foundation,2012,1.027
National Science Foundation,2012,1.14
National Science Foundation,2012,2.222
National Science Foundation,2012,2.788
National Science Foundation,2012,0.265
National Science Foundation,2022,63.573
National Science Foundation,2012,3.126
National Science Foundation,2012,6.004
National Science Foundation,2012,8.64
National Science Foundation,2012,2.352
National Science Foundation,2013,2.368
National Science Foundation,2013,3.947
National Science Foundation,2012,8.761
National Science Foundation,2012,3.208
National Science Foundation,2012,13.172
Nuclear Regulatory Commission,2012,0.32
Nuclear Regulatory Commission,2012,0.6
Nuclear Regulatory Commission,2012,0.84
Nuclear Regulatory Commission,2012,0.952
Nuclear Regulatory Commission,2011,0.181
Nuclear Regulatory Commission,2012,0.17
Nuclear Regulatory Commission,2013,0.415
Nuclear Regulatory Commission,2012,0.1504
Nuclear Regulatory Commission,2011,0.289
Nuclear Regulatory Commission,2012,0.577
Nuclear Regulatory Commission,2011,5.358
Nuclear Regulatory Commission,2011,1.1
Nuclear Regulatory Commission,2012,1.325
Nuclear Regulatory Commission,2011,0.876
Nuclear Regulatory Commission,2012,0.394
Nuclear Regulatory Commission,2012,0.439
Nuclear Regulatory Commission,2013,0.92112
Nuclear Regulatory Commission,2013,4.2
Nuclear Regulatory Commission,2012,7.3
Nuclear Regulatory Commission,2014,18.1
Nuclear Regulatory Commission,2019,70
Nuclear Regulatory Commission,2012,1.3
Nuclear Regulatory Commission,2011,0.271
Nuclear Regulatory Commission,2012,0.28
Nuclear Regulatory Commission,2011,0.101
Nuclear Regulatory Commission,2011,0.124
Nuclear Regulatory Commission,2011,0.165
Nuclear Regulatory Commission,2012,1.55
Nuclear Regulatory Commission,2012,0.05
Nuclear Regulatory Commission,2012,0.2
Nuclear Regulatory Commission,2012,0.35
Nuclear Regulatory Commission,2012,0.735
Nuclear Regulatory Commission,2012,0.36
Nuclear Regulatory Commission,2012,0.82
Nuclear Regulatory Commission,2012,0.5
Nuclear Regulatory Commission,2011,0.422
Nuclear Regulatory Commission,2011,0.5
Nuclear Regulatory Commission,2011,0.82325
Nuclear Regulatory Commission,2011,65.88
Nuclear Regulatory Commission,2012,0.933
Nuclear Regulatory Commission,2012,0.9
Nuclear Regulatory Commission,2012,28
Nuclear Regulatory Commission,2012,0.111
Nuclear Regulatory Commission,2012,1.363
Nuclear Regulatory Commission,2012,0.015
Nuclear Regulatory Commission,2012,0.244
Nuclear Regulatory Commission,2011,0.1795
Nuclear Regulatory Commission,2011,2.245
Nuclear Regulatory Commission,2011,1.216
Nuclear Regulatory Commission,2011,2.056
Nuclear Regulatory Commission,2012,2.068
Nuclear Regulatory Commission,2012,2.296
Nuclear Regulatory Commission,2012,0.65
Nuclear Regulatory Commission,2012,2.552